{
  "urls": [
    "ch4.mp3",
    "ch4.ogg",
    "ch4.m4a"
  ],
  "sprite": {
    "buy": [
      125,
      2501.4044943820224
    ],
    "intro": [
      3000,
      2251.275510204082
    ],
    "scratching": [
      5625,
      7251.838235294118
    ],
    "instantScratch": [
      5625,
      1250
    ],
    "control": [
      13000,
      128.125
    ],
    "scratchAll": [
      13500,
      1758.9285714285714
    ],
    "lose": [
      15500,
      3501.190476190476
    ],
    "win": [
      19250,
      4628.90625
    ],
    "match": [
      24125,
      3252.7173913043477
    ],
    "ambience": [
      27750,
      33892.857142857146
    ]
  }
}